{
 "Grandilli1": 0.12472675335430308,
 "Grandilli2": 0.06569698670208174,
 "Lagap1": 0.10962689709780167,
 "Lagap2": 0.06881613422949465,
 "Murphy1+1": 0.2859176276032189,
 "Murphy1-1": 0.21977544916311323,
 "Murphy1": 0.09792880059945595,
 "Murphy2+1": 0.2515856172157635,
 "Murphy2-1": 0.17502825278064443,
 "Murphy2": 0.12080405971896943
}