{
 "Grandilli1": 0.12472675335430308,
 "Grandilli2": 0.06569698670208174,
 "Lagap1": 0.10962689709780167,
 "Lagap2": 0.06881613422949465,
 "Murphy1": 0.09792880059945595,
 "Murphy2": 0.12080405971896943
}