{
 "Grandilli1": 0.7433801342190536,
 "Grandilli2": 0.3915586149641087,
 "Lagap1": 0.6533839395874135,
 "Lagap2": 0.41014895140131724,
 "Murphy1": 0.5836624699653739,
 "Murphy2": 0.7200006070309201
}